{
	"partitions" : [
		{
			"name" : "Top",
			"pins" : [
				{
					"name" : "traffic_red",
					"strict" : false
				},
				{
					"name" : "traffic_yellow",
					"strict" : false
				},
				{
					"name" : "traffic_green",
					"strict" : false
				},
				{
					"name" : "pedestrian_red",
					"strict" : false
				},
				{
					"name" : "pedestrian_green",
					"strict" : false
				},
				{
					"name" : "train_red",
					"strict" : false
				},
				{
					"name" : "train_green",
					"strict" : false
				},
				{
					"name" : "reset",
					"strict" : false
				},
				{
					"name" : "clk",
					"strict" : false
				},
				{
					"name" : "button_pressed",
					"strict" : false
				},
				{
					"name" : "pedestrian_request",
					"strict" : false
				},
				{
					"name" : "train_present",
					"strict" : false
				}
			]
		}
	]
}